Workbook
Name SegmentaçãodeDados_dia: #N/A
Name Usuario: #REF!

Sheet TD Painel
M2: Ano | N2: 2026 | R2: DiretoriaComercial | S2: DIRETORIA SPI
C3: ano | D3: 2026 | M3: canal_loja | N3: HOUSE | R3: Ano | S3: 2026
C4: nom_empreendimento | D4: (Vários itens) | M4: loja_ags | N4: NÃO
C5: diretoria | D5: DIRETORIA SPI | R5: DataBaseAssinaturaContratoSalesforce | S5: NomeGerente | T5: NomeCorretor | U5: NomeLoja | V5: # Vendas
C6: dia | D6: All | M6: DataBase | N6: regional_co | O6: nom_gerente | P6: TotalCorretores | Q6: TotalCorretoresMais10DiasSemLogin | R6: jan/2026 | T6: RAFAEL FERNANDES DECHICHI | U6: AGENTE DE SONHOS – EXTERIOR (NP 1) | V6: 3
M7: 01/01/2026 | N7: SENSIA CP | O7: IDELSO JOSE DA SILVA SANTOS DE ASSIS | P7: 19 | Q7: 16 | R7: jan/2026 | T7: WELLINGHTON CESAR PEREIRA FIGUEIREDO | U7: SENSIA IMOB CAMPINAS | V7: 9
C8: data_base | D8: canal_loja | E8: gerente | F8: supervisor_imob | G8: status_funil | H8: regional | I8: Funil_Real | M8: 01/01/2026 | N8: SENSIA RP | O8: DOUGLAS MENDES DE AGUIAR RODRIGUES | P8: 12 | Q8: 8 | R8: jan/2026 | S8: ADALTON JOSE DA SILVA | T8: AUDILAINE SANTANA DE SOUZA | U8: LOJA EQUIPE VIRTUAL BOTUCATU 1 | V8: 1
C9: 01/01/2026 | D9: AGS | G9: LEAD | H9: SP INT 2 | I9: 2 | M9: 01/01/2026 | N9: SP INT 1 | O9: ANDERSON COSTA CARAPETA | P9: 14 | Q9: 6 | R9: jan/2026 | S9: ADALTON JOSE DA SILVA | T9: CLEIDE APARECIDA RIBEIRA DA SILVA | U9: LOJA EQUIPE VIRTUAL BOTUCATU 1 | V9: 1
C10: 01/01/2026 | D10: AGS | G10: LEAD | H10: SP INT 4 | I10: 805 | M10: 01/01/2026 | N10: SP INT 1 | O10: EVANDRO DE BRITO | P10: 16 | Q10: 11 | R10: jan/2026 | S10: ADALTON JOSE DA SILVA | T10: CLEITON FRANCISCO XAVIER | U10: LOJA EQUIPE VIRTUAL BOTUCATU 1 | V10: 2
C11: 01/01/2026 | D11: AGS | G11: DOCUMENTAÇÃO ENVIADA | H11: SP INT 1 | I11: 2 | M11: 01/01/2026 | N11: SP INT 1 | O11: FABIO HENRIQUE VIDOTTI FERREIRA | P11: 2 | R11: jan/2026 | S11: ADALTON JOSE DA SILVA | T11: ISABELA CAROLINE LEMES | U11: LOJA EQUIPE VIRTUAL BOTUCATU 1 | V11: 1
C12: 01/01/2026 | D12: AGS | G12: DOCUMENTAÇÃO ENVIADA | H12: SP INT 2 | I12: 4 | M12: 01/01/2026 | N12: SP INT 1 | O12: PABLO MEDEIROS DA SILVA GADELHA | P12: 17 | Q12: 11 | R12: jan/2026 | S12: ADALTON JOSE DA SILVA | T12: JEAN CARLOS DE OLIVEIRA GOMES | U12: LOJA EQUIPE VIRTUAL BOTUCATU 1 | V12: 1
C13: 01/01/2026 | D13: AGS | G13: DOCUMENTAÇÃO ENVIADA | H13: SP INT 4 | I13: 48 | M13: 01/01/2026 | N13: SP INT 1 | O13: THAINA PIOLOGO MARQUES DE QUEIROZ | P13: 1 | R13: jan/2026 | S13: ADALTON JOSE DA SILVA | T13: JOAO PAULO CAVAZZANA | U13: LOJA EQUIPE VIRTUAL BOTUCATU 1 | V13: 1
C14: 01/01/2026 | D14: AGS | G14: DOCUMENTAÇÃO EM ANÁLISE | H14: SP INT 1 | I14: 1 | M14: 01/01/2026 | N14: SP INT 1 | O14: THAMIRES PEREIRA COSTA | P14: 19 | Q14: 5 | R14: jan/2026 | S14: ADALTON JOSE DA SILVA | T14: MARCOS ANTÔNIO GARCIA | U14: LOJA EQUIPE VIRTUAL BOTUCATU 1 | V14: 2
C15: 01/01/2026 | D15: AGS | G15: DOCUMENTAÇÃO EM ANÁLISE | H15: SP INT 2 | I15: 1 | M15: 01/01/2026 | N15: SP INT 1 | O15: TIAGO AUGUSTO DA COSTA | P15: 17 | Q15: 6 | R15: jan/2026 | S15: ADALTON JOSE DA SILVA | T15: ROSANGELA APARECIDA PINTO SIMÃO | U15: LOJA EQUIPE VIRTUAL BOTUCATU 1 | V15: 1
C16: 01/01/2026 | D16: AGS | G16: DOCUMENTAÇÃO EM ANÁLISE | H16: SP INT 4 | I16: 39 | M16: 01/01/2026 | N16: SP INT 2 | O16: DOMINIQUE DAMASO DE SALES | P16: 14 | Q16: 6 | R16: jan/2026 | S16: ADALTON JOSE DA SILVA | T16: SOLENE MATOS DE AQUINO | U16: LOJA EQUIPE VIRTUAL BOTUCATU 1 | V16: 1
C17: 01/01/2026 | D17: AGS | G17: DOCUMENTAÇÃO COM PENDÊNCIA | H17: SP INT 2 | I17: 3 | M17: 01/01/2026 | N17: SP INT 2 | O17: FLAVIANO DE SOUZA CORREA | P17: 15 | Q17: 6 | R17: jan/2026 | S17: ALEXANDRE FORMIGA NETO | T17: LEONARDO VICTOR DA SILVA | U17: EQUIPE CREDENCIADA JUNDIAI 2 | V17: 1
C18: 01/01/2026 | D18: AGS | G18: DOCUMENTAÇÃO COM PENDÊNCIA | H18: SP INT 4 | I18: 9 | M18: 01/01/2026 | N18: SP INT 2 | O18: HEITOR NEVES MANCUZO | P18: 19 | Q18: 8 | R18: jan/2026 | S18: ALEXANDRE FORMIGA NETO | T18: LUCIANA AMARAL ARAÚJO QUINTAL | U18: EQUIPE CREDENCIADA JUNDIAI 2 | V18: 2
C19: 01/01/2026 | D19: AGS | G19: CPF ANALISADO | H19: SP INT 1 | I19: 1 | M19: 01/01/2026 | N19: SP INT 2 | O19: RAFAEL MOLL RECUPERO | P19: 12 | Q19: 8 | R19: jan/2026 | S19: ALEXANDRE FORMIGA NETO | T19: PAULO ALEXANDRE JORGE | U19: EQUIPE CREDENCIADA JUNDIAI 2 | V19: 2
C20: 01/01/2026 | D20: AGS | G20: CPF ANALISADO | H20: SP INT 2 | I20: 1 | M20: 01/01/2026 | N20: SP INT 2 | O20: STEPHANE MASCARENHAS TEIXEIRA | P20: 13 | Q20: 11 | R20: jan/2026 | S20: ALEXANDRE FORMIGA NETO | T20: RUTH NUNES DOS SANTOS LIMA | U20: EQUIPE CREDENCIADA JUNDIAI 2 | V20: 1
C21: 01/01/2026 | D21: AGS | G21: CPF ANALISADO | H21: SP INT 4 | I21: 39 | M21: 01/01/2026 | N21: SP INT 3 | O21: ARMANDO DONIZETTI CUSTODIO | P21: 16 | Q21: 7 | R21: jan/2026 | S21: ALINE CRISTINA MORENO | T21: ALANA EMILY DE SOUZA BATISTA | U21: IMOB CAMPINAS 2 | V21: 1
C22: 01/01/2026 | D22: AGS | G22: CPF ANALISADO COM PENDÊNCIA | H22: SP INT 2 | I22: 1 | M22: 01/01/2026 | N22: SP INT 3 | O22: BRUNA PAULINO BENEDETTI | P22: 9 | Q22: 7 | R22: jan/2026 | S22: ALINE CRISTINA MORENO | T22: GUSTAVO GUINATTI VENTURINI | U22: IMOB CAMPINAS 1 | V22: 10
C23: 01/01/2026 | D23: AGS | G23: CPF ANALISADO COM PENDÊNCIA | H23: SP INT 4 | I23: 3 | M23: 01/01/2026 | N23: SP INT 3 | O23: DEIVES RODRIGO DA COSTA | P23: 17 | Q23: 10 | R23: jan/2026 | S23: ALINE CRISTINA MORENO | T23: LARISSA NEVES TEIXEIRA | U23: IMOB CAMPINAS 3 | V23: 8
C24: 01/01/2026 | D24: AGS | G24: CPF APROVADO | H24: SP INT 1 | I24: 1 | M24: 01/01/2026 | N24: SP INT 3 | O24: MAISA MUNIZ DA SILVA | P24: 7 | Q24: 3 | R24: jan/2026 | S24: ANA RAQUEL CANDIDO MARCHETI | T24: ANA LETICIA COTRIM ALONSO | U24: IMOB SÃO CARLOS | V24: 10
C25: 01/01/2026 | D25: AGS | G25: CPF APROVADO | H25: SP INT 2 | I25: 1 | M25: 01/01/2026 | N25: SP INT 3 | O25: PEDRO MORENO MARQUES | P25: 13 | Q25: 5 | R25: jan/2026 | S25: ANA RAQUEL CANDIDO MARCHETI | T25: BRUNA FRANCINE ARAUJO SCHULTZ | U25: LOJA IMOB PIRACICABA 2 | V25: 8
... C34: 01/01/2026 | D34: AGS | G34: GANHO | H34: SP INT 4 | I34: 29 | M34: 01/01/2026 | N34: SP INT 4 | O34: TIAGO ALVES CARVALHO COELHO | P34: 18 | Q34: 6 | R34: jan/2026 | S34: ANDERSON COSTA CARAPETA | T34: PAULO ABILIO QUEIROZ | U34: VIRTUAL CPS 3 | V34: 1
C35: 01/01/2026 | D35: AGS | E35: ANANIAS FERREIRA DE SANT ANA NETO | G35: LEAD | H35: SP INT 5 | I35: 2 | M35: 01/01/2026 | N35: SP INT 5 | O35: JEFERSON EDUARDO NUNES | P35: 17 | Q35: 13 | R35: jan/2026 | S35: ANDERSON KUBICA | T35: GABRIEL MACIEL RETAMEIRO | U35: IMOB BOTUCATU | V35: 18
C36: 01/01/2026 | D36: AGS | E36: ANANIAS FERREIRA DE SANT ANA NETO | G36: DOCUMENTAÇÃO ENVIADA | H36: SP INT 5 | I36: 1 | M36: 01/01/2026 | N36: SP INT 5 | O36: JOEL TALMIR POPOWSKI | P36: 11 | Q36: 5 | R36: jan/2026 | S36: ANDERSON KUBICA | T36: LARISSA DE SA MARQUES | U36: IMOB MARÍLIA | V36: 9
C37: 01/01/2026 | D37: AGS | E37: ANANIAS FERREIRA DE SANT ANA NETO | G37: DOCUMENTAÇÃO COM PENDÊNCIA | H37: SP INT 5 | I37: 1 | M37: 01/01/2026 | N37: SP INT 5 | O37: JULIO CESAR FERREIRA | P37: 16 | Q37: 7 | R37: jan/2026 | S37: ANDERSON KUBICA | T37: NATHALIE FERNANDA POMPIANO | U37: IMOB BAURU | V37: 2
C38: 01/01/2026 | D38: AGS | E38: ANANIAS FERREIRA DE SANT ANA NETO | G38: CPF ANALISADO COM PENDÊNCIA | H38: SP INT 5 | I38: 1 | M38: 01/01/2026 | N38: SP INT 5 | O38: WELLINGTON DAMIAO CATARUSSI | P38: 9 | Q38: 8 | R38: jan/2026 | S38: ANDERSON KUBICA | T38: RONIE SANTIAGO DA SILVA | U38: LOJA IMOB BAURU 2 | V38: 2
C39: 01/01/2026 | D39: AGS | E39: ANANIAS FERREIRA DE SANT ANA NETO | G39: CPF APROVADO COM PENDÊNCIA | H39: SP INT 5 | I39: 1 | M39: 01/01/2026 | N39: SP INT 6 | O39: ALEXANDRE FORMIGA NETO | P39: 10 | Q39: 1 | R39: jan/2026 | S39: ANDREA CRISTINA MATHEUS FRATI | T39: CARLOS ROBERTO DE OLIVEIRA FILHO | U39: HIBRIDA CREDENCIADA SOROCABA 2 | V39: 2
C40: 01/01/2026 | D40: AGS | E40: GUSTAVO PAULINO SILVA | G40: LEAD | H40: SP INT 4 | I40: 25 | M40: 01/01/2026 | N40: SP INT 6 | O40: ANDREA CRISTINA MATHEUS FRATI | P40: 8 | Q40: 5 | R40: jan/2026 | S40: ARMANDO DONIZETTI CUSTODIO | T40: BRUNO VINICIUS NEVES DA SILVA | U40: HIBRIDA CREDENCIADA LIMEIRA 1 | V40: 2
C41: 01/01/2026 | D41: AGS | E41: GUSTAVO PAULINO SILVA | G41: DOCUMENTAÇÃO ENVIADA | H41: SP INT 4 | I41: 20 | M41: 01/01/2026 | N41: SP INT 6 | O41: JACKSON DE ALMEIDA PIRES | P41: 17 | Q41: 14 | R41: jan/2026 | S41: ARMANDO DONIZETTI CUSTODIO | T41: CARLOS ALBERTO SOARES | U41: HIBRIDA CREDENCIADA LIMEIRA 1 | V41: 1
C42: 01/01/2026 | D42: AGS | E42: GUSTAVO PAULINO SILVA | G42: DOCUMENTAÇÃO EM ANÁLISE | H42: SP INT 4 | I42: 11 | M42: 01/01/2026 | N42: SP INT 6 | O42: MARCONE DA SILVA FERREIRA DE ANDRADE | P42: 4 | Q42: 3 | R42: jan/2026 | S42: ARMANDO DONIZETTI CUSTODIO | T42: CICERO FERREIRA DA SILVA | U42: HIBRIDA CREDENCIADA LIMEIRA 1 | V42: 2
C43: 01/01/2026 | D43: AGS | E43: GUSTAVO PAULINO SILVA | G43: DOCUMENTAÇÃO COM PENDÊNCIA | H43: SP INT 4 | I43: 7 | M43: 01/01/2026 | N43: SP INT 6 | O43: PHILLIPE CAMILLOTI GRACIANO | P43: 21 | Q43: 12 | R43: jan/2026 | S43: ARMANDO DONIZETTI CUSTODIO | T43: GABRIELA MARTINHO BARBOZA | U43: HIBRIDA CREDENCIADA LIMEIRA 1 | V43: 1
C44: 01/01/2026 | D44: AGS | E44: GUSTAVO PAULINO SILVA | G44: CPF ANALISADO | H44: SP INT 4 | I44: 15 | M44: 01/01/2026 | N44: SP INT 6 | O44: VANESSA CRISTINE PERES | P44: 15 | Q44: 10 | R44: jan/2026 | S44: BRENDA MANTOVANI CONTE | T44: CAMILA LEMOS GUIMARAES | U44: IMOB SOROCABA 3 | V44: 13
C45: 01/01/2026 | D45: AGS | E45: GUSTAVO PAULINO SILVA | G45: CPF ANALISADO COM PENDÊNCIA | H45: SP INT 4 | I45: 2 | M45: 01/02/2026 | N45: SENSIA CP | O45: IDELSO JOSE DA SILVA SANTOS DE ASSIS | P45: 18 | Q45: 15 | R45: jan/2026 | S45: BRENDA MANTOVANI CONTE | T45: DOUGLAS OLIVEIRA CONCEICAO | U45: IMOB SOROCABA 2 | V45: 4
C46: 01/01/2026 | D46: AGS | E46: GUSTAVO PAULINO SILVA | G46: CPF APROVADO | H46: SP INT 4 | I46: 3 | M46: 01/02/2026 | N46: SENSIA RP | O46: DOUGLAS MENDES DE AGUIAR RODRIGUES | P46: 17 | Q46: 10 | R46: jan/2026 | S46: BRENDA MANTOVANI CONTE | T46: JANINE SILVA GODOY | U46: IMOB ITU 1 | V46: 5
C47: 01/01/2026 | D47: AGS | E47: GUSTAVO PAULINO SILVA | G47: CPF APROVADO COM PENDÊNCIA | H47: SP INT 4 | I47: 1 | M47: 01/02/2026 | N47: SP INT 1 | P47: 8 | Q47: 3 | R47: jan/2026 | S47: BRENDA MANTOVANI CONTE | T47: JHULYANNE ALLYNE ADAO MAZIERE | U47: IMOB SOROCABA | V47: 6
C48: 01/01/2026 | D48: AGS | E48: GUSTAVO PAULINO SILVA | G48: CPF CONDICIONADO | H48: SP INT 4 | I48: 6 | M48: 01/02/2026 | N48: SP INT 1 | O48: ALEXANDRE MIRANDA DOS PASSOS | P48: 2 | Q48: 2 | R48: jan/2026 | S48: BRUNA PAULINO BENEDETTI | T48: SABRINA CRISTINA DIAS CYRINO | U48: LOJA VIRTUAL SAO CARLOS 02 | V48: 2
C49: 01/01/2026 | D49: AGS | E49: GUSTAVO PAULINO SILVA | G49: CPF CONDICIONADO COM PENDÊNCIA | H49: SP INT 4 | I49: 1 | M49: 01/02/2026 | N49: SP INT 1 | O49: ANDERSON COSTA CARAPETA | P49: 19 | Q49: 10 | R49: jan/2026 | S49: DAIANE CRISTINA JIRICO | T49: CARLA DIAS BORTOLO | U49: EQUIPE PRÓPRIA VIRTUAL ARARAQUARA 3 | V49: 2
C50: 01/01/2026 | D50: AGS | E50: GUSTAVO PAULINO SILVA | G50: CONTRATO GERADO | H50: SP INT 4 | I50: 6 | M50: 01/02/2026 | N50: SP INT 1 | O50: EVANDRO DE BRITO | P50: 18 | Q50: 12 | R50: jan/2026 | S50: DAIANE CRISTINA JIRICO | T50: ELAINE SILVA GUIRELLI | U50: EQUIPE PRÓPRIA VIRTUAL ARARAQUARA 3 | V50: 1
C51: 01/01/2026 | D51: AGS | E51: GUSTAVO PAULINO SILVA | G51: CONTRATO ASSINADO | H51: SP INT 4 | I51: 6 | M51: 01/02/2026 | N51: SP INT 1 | O51: FABIO HENRIQUE VIDOTTI FERREIRA | P51: 4 | Q51: 2 | R51: jan/2026 | S51: DAIANE CRISTINA JIRICO | T51: MIGUEL VIEIRA VITORIA JUNIOR | U51: EQUIPE PRÓPRIA VIRTUAL ARARAQUARA 3 | V51: 2
C52: 01/01/2026 | D52: AGS | E52: GUSTAVO PAULINO SILVA | G52: GANHO | H52: SP INT 4 | I52: 6 | M52: 01/02/2026 | N52: SP INT 1 | O52: PABLO MEDEIROS DA SILVA GADELHA | P52: 20 | Q52: 14 | R52: jan/2026 | S52: DEIVES RODRIGO DA COSTA | T52: APARECIDO JAMPANI JUNIOR | U52: LOJA VIRTUAL SAO CARLOS | V52: 2
C53: 01/01/2026 | D53: AGS | E53: GUSTAVO PAULINO SILVA | G53: REPASSE | H53: SP INT 4 | I53: 6 | M53: 01/02/2026 | N53: SP INT 1 | O53: THAMIRES PEREIRA COSTA | P53: 18 | Q53: 5 | R53: jan/2026 | S53: DEIVES RODRIGO DA COSTA | T53: ERIKA ALVIM DOS SANTOS | U53: LOJA VIRTUAL SAO CARLOS | V53: 1
C54: 01/01/2026 | D54: AGS | E54: GUSTAVO PAULINO SILVA | G54: REGISTRO | H54: SP INT 4 | I54: 3 | M54: 01/02/2026 | N54: SP INT 1 | O54: TIAGO AUGUSTO DA COSTA | P54: 17 | Q54: 6 | R54: jan/2026 | S54: DOMINIQUE DAMASO DE SALES | T54: DOMINIQUE DAMASO DE SALES | U54: EQUIPE VIRTUAL RIBEIRÃO PRETO 05 | V54: 3
C55: 01/01/2026 | D55: AGS | E55: PHILLIPE CAMILLOTI GRACIANO | G55: LEAD | H55: SP INT 6 | I55: 3 | M55: 01/02/2026 | N55: SP INT 2 | P55: 8 | Q55: 3 | R55: jan/2026 | S55: DOMINIQUE DAMASO DE SALES | T55: GABRIELA BRUNHARA LEÃO APPROBATO | U55: EQUIPE VIRTUAL RIBEIRÃO PRETO 05 | V55: 1
C56: 01/01/2026 | D56: AGS | E56: PHILLIPE CAMILLOTI GRACIANO | G56: DOCUMENTAÇÃO ENVIADA | H56: SP INT 6 | I56: 4 | M56: 01/02/2026 | N56: SP INT 2 | O56: DOMINIQUE DAMASO DE SALES | P56: 16 | Q56: 8 | R56: jan/2026 | S56: DOMINIQUE DAMASO DE SALES | T56: MARCELO GONÇALVES DA CRUZ | U56: EQUIPE VIRTUAL RIBEIRÃO PRETO 05 | V56: 1
C57: 01/01/2026 | D57: AGS | E57: PHILLIPE CAMILLOTI GRACIANO | G57: DOCUMENTAÇÃO EM ANÁLISE | H57: SP INT 6 | I57: 3 | M57: 01/02/2026 | N57: SP INT 2 | O57: FLAVIANO DE SOUZA CORREA | P57: 15 | Q57: 6 | R57: jan/2026 | S57: DOUGLAS MENDES DE AGUIAR RODRIGUES | T57: PRISCILA ROCHELLE DE CARVALHO TRALIA | U57: VIRTUAL SENSIA RIBEIRAO PRETO | V57: 2
C58: 01/01/2026 | D58: AGS | E58: PHILLIPE CAMILLOTI GRACIANO | G58: DOCUMENTAÇÃO COM PENDÊNCIA | H58: SP INT 6 | I58: 2 | M58: 01/02/2026 | N58: SP INT 2 | O58: HEITOR NEVES MANCUZO | P58: 21 | Q58: 8 | R58: jan/2026 | S58: EVANDRO DE BRITO | T58: VANESSA THAÍS SIMONI | U58: VIRTUAL CPS 2 | V58: 1
C59: 01/01/2026 | D59: AGS | E59: PHILLIPE CAMILLOTI GRACIANO | G59: CPF ANALISADO | H59: SP INT 6 | I59: 3 | M59: 01/02/2026 | N59: SP INT 2 | O59: RAFAEL MOLL RECUPERO | P59: 14 | Q59: 10 | R59: jan/2026 | S59: EVANDRO DE BRITO | T59: VILMA APARECIDA RODRIGUES | U59: VIRTUAL CPS 2 | V59: 1
C60: 01/01/2026 | D60: AGS | E60: PHILLIPE CAMILLOTI GRACIANO | G60: CPF APROVADO | H60: SP INT 6 | I60: 1 | M60: 01/02/2026 | N60: SP INT 2 | O60: STEPHANE MASCARENHAS TEIXEIRA | P60: 15 | Q60: 12 | R60: jan/2026 | S60: FLAVIANO DE SOUZA CORREA | T60: CLODOALDO DA SILVA VIEIRA | U60: EQUIPE VIRTUAL RIBEIRÃO PRETO 02 | V60: 2
C61: 01/01/2026 | D61: AGS | E61: PHILLIPE CAMILLOTI GRACIANO | G61: CPF CONDICIONADO | H61: SP INT 6 | I61: 1 | M61: 01/02/2026 | N61: SP INT 3 | O61: ARMANDO DONIZETTI CUSTODIO | P61: 17 | Q61: 7 | R61: jan/2026 | S61: FLAVIANO DE SOUZA CORREA | T61: FLAVIANO DE SOUZA CORREA | U61: EQUIPE VIRTUAL RIBEIRÃO PRETO 02 | V61: 2
C62: 01/01/2026 | D62: AGS | E62: PHILLIPE CAMILLOTI GRACIANO | G62: CONTRATO GERADO | H62: SP INT 6 | I62: 1 | M62: 01/02/2026 | N62: SP INT 3 | O62: BRUNA PAULINO BENEDETTI | P62: 10 | Q62: 7 | R62: jan/2026 | S62: FLAVIANO DE SOUZA CORREA | T62: IVANETE CRISTINA JESUS CHINDEROLI ALVES | U62: EQUIPE VIRTUAL RIBEIRÃO PRETO 02 | V62: 1
C63: 01/01/2026 | D63: AGS | E63: PHILLIPE CAMILLOTI GRACIANO | G63: CONTRATO ASSINADO | H63: SP INT 6 | I63: 1 | M63: 01/02/2026 | N63: SP INT 3 | O63: DEIVES RODRIGO DA COSTA | P63: 23 | Q63: 12 | R63: jan/2026 | S63: FLAVIANO DE SOUZA CORREA | T63: MARCIO ROGERIO SANTI | U63: EQUIPE VIRTUAL RIBEIRÃO PRETO 02 | V63: 2
C64: 01/01/2026 | D64: AGS | E64: PHILLIPE CAMILLOTI GRACIANO | G64: GANHO | H64: SP INT 6 | I64: 1 | M64: 01/02/2026 | N64: SP INT 3 | O64: MAISA MUNIZ DA SILVA | P64: 9 | Q64: 5 | R64: jan/2026 | S64: FLAVIANO DE SOUZA CORREA | T64: SONIA DE MARIA CARIOLANO | U64: EQUIPE VIRTUAL RIBEIRÃO PRETO 02 | V64: 3
C65: 01/01/2026 | D65: AGS | E65: PHILLIPE CAMILLOTI GRACIANO | G65: REPASSE | H65: SP INT 6 | I65: 2 | M65: 01/02/2026 | N65: SP INT 3 | O65: PEDRO MORENO MARQUES | P65: 14 | Q65: 5 | R65: jan/2026 | S65: FLAVIANO DE SOUZA CORREA | T65: WAGNER RODRIGUES RIBEIRO | U65: EQUIPE VIRTUAL RIBEIRÃO PRETO 02 | V65: 1
C66: 01/01/2026 | D66: AGS | E66: PHILLIPE CAMILLOTI GRACIANO | G66: REGISTRO | H66: SP INT 6 | I66: 3 | M66: 01/02/2026 | N66: SP INT 3 | O66: RAFAEL DOS SANTOS NOGUEIRA | P66: 1 | Q66: 1 | R66: jan/2026 | S66: FRANCISCO DE ASSIS COSTA BRUNN JUNIOR | T66: FLORINDO JOAQUIM PEREIRA PATRIARCA | U66: LOJA PRADO GONÇALVES CAMPINAS FÍSICA 3 | V66: 1
C67: 01/01/2026 | D67: AGS | E67: RAFAEL DOS SANTOS NOGUEIRA | G67: LEAD | H67: SP INT 3 | I67: 41 | M67: 01/02/2026 | N67: SP INT 3 | O67: THAYNA LAIS DA SILVA | P67: 13 | Q67: 9 | R67: jan/2026 | S67: FRANCISCO DE ASSIS COSTA BRUNN JUNIOR | T67: FRANCISCO DE ASSIS COSTA BRUNN JUNIOR | U67: LOJA PRADO GONÇALVES CAMPINAS FÍSICA 3 | V67: 3
... C74: 01/01/2026 | D74: AGS | E74: RAFAEL DOS SANTOS NOGUEIRA | G74: GANHO | H74: SP INT 3 | I74: 1 | M74: 01/02/2026 | N74: SP INT 4 | O74: REBECA PEREIRA BONFIM DA SILVA | P74: 2 | Q74: 1 | R74: jan/2026 | S74: GUILHERME DE MENDONCA CORDEIRO | T74: PRISCILLA CARDOSO FERREIRA | U74: IMOB ARARAQUARA 2 | V74: 1
C75: 01/01/2026 | D75: HOUSE | G75: LEAD | H75: SP INT 5 | I75: 9 | M75: 01/02/2026 | N75: SP INT 4 | O75: TIAGO ALVES CARVALHO COELHO | P75: 16 | Q75: 5 | R75: jan/2026 | S75: GUILHERME DE MENDONCA CORDEIRO | T75: RAFAEL FELIPE DOS SANTOS PEREIRA | U75: IMOB FRANCA | V75: 2
C76: 01/01/2026 | D76: HOUSE | G76: LEAD | H76: SP INT 6 | I76: 1 | M76: 01/02/2026 | N76: SP INT 5 | O76: JEFERSON EDUARDO NUNES | P76: 19 | Q76: 14 | R76: jan/2026 | S76: GUILHERME DE MENDONCA CORDEIRO | T76: REGINALDO ALVES FERREIRA | U76: LOJA - IMOB RIBEIRÃO PRETO | V76: 19
C77: 01/01/2026 | D77: HOUSE | G77: DOCUMENTAÇÃO ENVIADA | H77: SP INT 6 | I77: 1 | M77: 01/02/2026 | N77: SP INT 5 | O77: JOEL TALMIR POPOWSKI | P77: 14 | Q77: 6 | R77: jan/2026 | S77: GUSTAVO MACHADO TENORIO | T77: ALCIONE MARIA DINIZ RODRIGUES | U77: LOJA EQUIPE PRÓPRIA MARÍLIA VIRTUAL 2 | V77: 1
C78: 01/01/2026 | D78: HOUSE | G78: DOCUMENTAÇÃO EM ANÁLISE | H78: SP INT 6 | I78: 1 | M78: 01/02/2026 | N78: SP INT 5 | O78: JULIO CESAR FERREIRA | P78: 20 | Q78: 8 | R78: jan/2026 | S78: GUSTAVO MACHADO TENORIO | T78: ERIC ALVES DE ALMEIDA | U78: LOJA EQUIPE PRÓPRIA MARÍLIA VIRTUAL 2 | V78: 2
C79: 01/01/2026 | D79: HOUSE | G79: CPF ANALISADO | H79: SP INT 6 | I79: 1 | M79: 01/02/2026 | N79: SP INT 5 | O79: THIAGO VIEIRA PROCOPIO | P79: 6 | Q79: 5 | R79: jan/2026 | S79: GUSTAVO MACHADO TENORIO | T79: IVANILDO DOS SANTOS CAFÉ | U79: LOJA EQUIPE PRÓPRIA MARÍLIA VIRTUAL 2 | V79: 1
C80: 01/01/2026 | D80: HOUSE | G80: CPF APROVADO | H80: SP INT 6 | I80: 1 | M80: 01/02/2026 | N80: SP INT 5 | O80: WELLINGTON DAMIAO CATARUSSI | P80: 11 | Q80: 10 | R80: jan/2026 | S80: GUSTAVO MACHADO TENORIO | T80: LEONARDO BASILIO DA COSTA | U80: LOJA EQUIPE PRÓPRIA MARÍLIA VIRTUAL 2 | V80: 5
C81: 01/01/2026 | D81: HOUSE | E81: ADALTON JOSE DA SILVA | G81: LEAD | H81: SP INT 4 | I81: 361 | M81: 01/02/2026 | N81: SP INT 6 | O81: ALEXANDRE FORMIGA NETO | P81: 10 | Q81: 1 | R81: jan/2026 | S81: GUSTAVO PAULINO SILVA | T81: FABIANA CORREIA DE OLIVEIRA | U81: AGENTE DE SONHOS - PRESIDENTE PRUDENTE (OP2) | V81: 1
C82: 01/01/2026 | D82: HOUSE | E82: ADALTON JOSE DA SILVA | G82: DOCUMENTAÇÃO ENVIADA | H82: SP INT 4 | I82: 88 | M82: 01/02/2026 | N82: SP INT 6 | O82: ANDREA CRISTINA MATHEUS FRATI | P82: 7 | Q82: 3 | R82: jan/2026 | S82: GUSTAVO PAULINO SILVA | T82: GEOVANY CAMARGO SILVA | U82: AGENTE DE SONHOS - PRESIDENTE PRUDENTE (OP2) | V82: 1
C83: 01/01/2026 | D83: HOUSE | E83: ADALTON JOSE DA SILVA | G83: DOCUMENTAÇÃO EM ANÁLISE | H83: SP INT 4 | I83: 28 | M83: 01/02/2026 | N83: SP INT 6 | O83: JACKSON DE ALMEIDA PIRES | P83: 14 | Q83: 11 | R83: jan/2026 | S83: GUSTAVO PAULINO SILVA | T83: LUCIANO PRADO BOTEGA | U83: AGENTE DE SONHOS - PRESIDENTE PRUDENTE (OP2) | V83: 2
C84: 01/01/2026 | D84: HOUSE | E84: ADALTON JOSE DA SILVA | G84: DOCUMENTAÇÃO COM PENDÊNCIA | H84: SP INT 4 | I84: 60 | M84: 01/02/2026 | N84: SP INT 6 | O84: MARCONE DA SILVA FERREIRA DE ANDRADE | P84: 10 | Q84: 6 | R84: jan/2026 | S84: GUSTAVO PAULINO SILVA | T84: MARCIO ALVES LEITE | U84: AGENTE DE SONHOS - PRESIDENTE PRUDENTE (OP2) | V84: 1
C85: 01/01/2026 | D85: HOUSE | E85: ADALTON JOSE DA SILVA | G85: CPF ANALISADO | H85: SP INT 4 | I85: 42 | M85: 01/02/2026 | N85: SP INT 6 | O85: PHILLIPE CAMILLOTI GRACIANO | P85: 25 | Q85: 14 | R85: jan/2026 | S85: GUSTAVO PAULINO SILVA | T85: MARISA CRISTINA VIEIRA | U85: AGENTE DE SONHOS - PRESIDENTE PRUDENTE (OP2) | V85: 1
C86: 01/01/2026 | D86: HOUSE | E86: ADALTON JOSE DA SILVA | G86: CPF ANALISADO COM PENDÊNCIA | H86: SP INT 4 | I86: 25 | M86: 01/02/2026 | N86: SP INT 6 | O86: VANESSA CRISTINE PERES | P86: 12 | Q86: 7 | R86: jan/2026 | S86: HEITOR NEVES MANCUZO | T86: AUGUSTO MARCELO GABRIEL | U86: EQUIPE VIRTUAL RIBEIRÃO PRETO 03 | V86: 2
C87: 01/01/2026 | D87: HOUSE | E87: ADALTON JOSE DA SILVA | G87: CPF APROVADO | H87: SP INT 4 | I87: 12 | M87: 01/03/2026 | N87: SENSIA CP | O87: BARBARA FERRARI | P87: 17 | Q87: 14 | R87: jan/2026 | S87: HEITOR NEVES MANCUZO | T87: HEITOR NEVES MANCUZO | U87: EQUIPE VIRTUAL RIBEIRÃO PRETO 03 | V87: 1
C88: 01/01/2026 | D88: HOUSE | E88: ADALTON JOSE DA SILVA | G88: CPF APROVADO COM PENDÊNCIA | H88: SP INT 4 | I88: 9 | M88: 01/03/2026 | N88: SENSIA RP | O88: DOUGLAS MENDES DE AGUIAR RODRIGUES | P88: 15 | Q88: 7 | R88: jan/2026 | S88: HEITOR NEVES MANCUZO | T88: MARCELO FERREIRA MANDUCA | U88: EQUIPE VIRTUAL RIBEIRÃO PRETO 03 | V88: 1
C89: 01/01/2026 | D89: HOUSE | E89: ADALTON JOSE DA SILVA | G89: CPF CONDICIONADO | H89: SP INT 4 | I89: 21 | M89: 01/03/2026 | N89: SP INT 1 | P89: 1 | Q89: 1 | R89: jan/2026 | S89: HEITOR NEVES MANCUZO | T89: RAFAEL WILLIAN UNGARETTE KROLL | U89: EQUIPE VIRTUAL RIBEIRÃO PRETO 03 | V89: 8
C90: 01/01/2026 | D90: HOUSE | E90: ADALTON JOSE DA SILVA | G90: CPF CONDICIONADO COM PENDÊNCIA | H90: SP INT 4 | I90: 16 | M90: 01/03/2026 | N90: SP INT 1 | O90: ALEXANDRE MIRANDA DOS PASSOS | P90: 22 | Q90: 7 | R90: jan/2026 | S90: IDELSO JOSE DA SILVA SANTOS DE ASSIS | T90: ANGELICA MARINELLO | U90: SENSIA CAMPINAS | V90: 1
C91: 01/01/2026 | D91: HOUSE | E91: ADALTON JOSE DA SILVA | G91: CONTRATO GERADO | H91: SP INT 4 | I91: 11 | M91: 01/03/2026 | N91: SP INT 1 | O91: ANDERSON COSTA CARAPETA | P91: 17 | Q91: 9 | R91: jan/2026 | S91: JACKSON DE ALMEIDA PIRES | T91: ANDRIELLI DO PRADO MACHADO | U91: EQUIPE CREDENCIADA SOROCABA VIRTUAL 4 | V91: 1
C92: 01/01/2026 | D92: HOUSE | E92: ADALTON JOSE DA SILVA | G92: CONTRATO ASSINADO | H92: SP INT 4 | I92: 11 | M92: 01/03/2026 | N92: SP INT 1 | O92: DANIEL FAJARDO MONTANHANA | P92: 12 | Q92: 6 | R92: jan/2026 | S92: JACKSON DE ALMEIDA PIRES | T92: CATIA DE SOUZA MIRANDA HONDA | U92: EQUIPE CREDENCIADA SOROCABA VIRTUAL 4 | V92: 1
C93: 01/01/2026 | D93: HOUSE | E93: ADALTON JOSE DA SILVA | G93: GANHO | H93: SP INT 4 | I93: 11 | M93: 01/03/2026 | N93: SP INT 1 | O93: DANIELE DE CARVALHO | P93: 6 | Q93: 4 | R93: jan/2026 | S93: JACKSON DE ALMEIDA PIRES | T93: INGRID BIANCA RODRIGUES DA CRUZ | U93: EQUIPE CREDENCIADA SOROCABA VIRTUAL 4 | V93: 1
C94: 01/01/2026 | D94: HOUSE | E94: ADALTON JOSE DA SILVA | G94: REPASSE | H94: SP INT 4 | I94: 4 | M94: 01/03/2026 | N94: SP INT 1 | O94: EVANDRO DE BRITO | P94: 22 | Q94: 13 | R94: jan/2026 | S94: JACKSON DE ALMEIDA PIRES | T94: MARLLON CANSANI GOGOSZ | U94: EQUIPE CREDENCIADA SOROCABA VIRTUAL 4 | V94: 1
C95: 01/01/2026 | D95: HOUSE | E95: ADALTON JOSE DA SILVA | G95: REGISTRO | H95: SP INT 4 | I95: 12 | M95: 01/03/2026 | N95: SP INT 1 | O95: FABIO HENRIQUE VIDOTTI FERREIRA | P95: 7 | Q95: 3 | R95: jan/2026 | S95: JACKSON DE ALMEIDA PIRES | T95: SAMUEL PORTO DIAS | U95: EQUIPE CREDENCIADA SOROCABA VIRTUAL 4 | V95: 2
C96: 01/01/2026 | D96: HOUSE | E96: ALEXANDRE FORMIGA NETO | G96: LEAD | H96: SP INT 6 | I96: 617 | M96: 01/03/2026 | N96: SP INT 1 | O96: PABLO MEDEIROS DA SILVA GADELHA | P96: 22 | Q96: 14 | R96: jan/2026 | S96: JAYRANE CAROLINE MARTINS FERRARI | T96: DANIELE RIBAS DE AVILA | U96: LOJA EQUIPE VIRTUAL BAURU 1 | V96: 1
C97: 01/01/2026 | D97: HOUSE | E97: ALEXANDRE FORMIGA NETO | G97: DOCUMENTAÇÃO ENVIADA | H97: SP INT 6 | I97: 18 | M97: 01/03/2026 | N97: SP INT 1 | O97: TIAGO AUGUSTO DA COSTA | P97: 20 | Q97: 6 | R97: jan/2026 | S97: JAYRANE CAROLINE MARTINS FERRARI | T97: IVAN MARMEROLA SCHLITTLER | U97: LOJA EQUIPE VIRTUAL BAURU 1 | V97: 1
C98: 01/01/2026 | D98: HOUSE | E98: ALEXANDRE FORMIGA NETO | G98: DOCUMENTAÇÃO EM ANÁLISE | H98: SP INT 6 | I98: 10 | M98: 01/03/2026 | N98: SP INT 2 | O98: DOMINIQUE DAMASO DE SALES | P98: 17 | Q98: 9 | R98: jan/2026 | S98: JAYRANE CAROLINE MARTINS FERRARI | T98: LUIZ ANTONIO BORMIO JUNIOR | U98: LOJA EQUIPE VIRTUAL BAURU 1 | V98: 1
C99: 01/01/2026 | D99: HOUSE | E99: ALEXANDRE FORMIGA NETO | G99: DOCUMENTAÇÃO COM PENDÊNCIA | H99: SP INT 6 | I99: 6 | M99: 01/03/2026 | N99: SP INT 2 | O99: FLAVIANO DE SOUZA CORREA | P99: 13 | Q99: 4 | R99: jan/2026 | S99: JAYRANE CAROLINE MARTINS FERRARI | T99: PAULO HENRIQUE COCHIERI FERRARI | U99: LOJA EQUIPE VIRTUAL BAURU 1 | V99: 1
C100: 01/01/2026 | D100: HOUSE | E100: ALEXANDRE FORMIGA NETO | G100: CPF ANALISADO | H100: SP INT 6 | I100: 10 | M100: 01/03/2026 | N100: SP INT 2 | O100: HEITOR NEVES MANCUZO | P100: 20 | Q100: 9 | R100: jan/2026 | S100: JEFERSON EDUARDO NUNES | T100: WASHINGTON SILVEIRA DE OLIVEIRA | U100: EQUIPE CREDENCIADA SJRP VIRTUAL 3 | V100: 2
C101: 01/01/2026 | D101: HOUSE | E101: ALEXANDRE FORMIGA NETO | G101: CPF ANALISADO COM PENDÊNCIA | H101: SP INT 6 | I101: 1 | M101: 01/03/2026 | N101: SP INT 2 | O101: JEFERSON CRISTIANO REGHINI | P101: 14 | Q101: 8 | R101: jan/2026 | S101: JOEL TALMIR POPOWSKI | T101: ADRIANA MARTINS DA SILVA | U101: EQUIPE CREDENCIADA SJRP VIRTUAL 5 | V101: 1
... C103: 01/01/2026 | D103: HOUSE | E103: ALEXANDRE FORMIGA NETO | G103: CPF CONDICIONADO | H103: SP INT 6 | I103: 8 | M103: 01/03/2026 | N103: SP INT 2 | O103: STEPHANE MASCARENHAS TEIXEIRA | P103: 18 | Q103: 14 | R103: jan/2026 | S103: JOEL TALMIR POPOWSKI | T103: LEONARDO MARQUES SANCHES | U103: EQUIPE CREDENCIADA SJRP VIRTUAL 5 | V103: 1
C104: 01/01/2026 | D104: HOUSE | E104: ALEXANDRE FORMIGA NETO | G104: CPF CONDICIONADO COM PENDÊNCIA | H104: SP INT 6 | I104: 1 | M104: 01/03/2026 | N104: SP INT 3 | P104: 1 | Q104: 1 | R104: jan/2026 | S104: JULIO CESAR FERREIRA | T104: ALINE RODRIGUES DA SILVA | U104: EQUIPE CREDENCIADA IMOB ARACATUBA | V104: 2
C105: 01/01/2026 | D105: HOUSE | E105: ALEXANDRE FORMIGA NETO | G105: CONTRATO GERADO | H105: SP INT 6 | I105: 10 | M105: 01/03/2026 | N105: SP INT 3 | O105: ARMANDO DONIZETTI CUSTODIO | P105: 18 | Q105: 8 | R105: jan/2026 | S105: JULIO CESAR FERREIRA | T105: BRENO AURÉLIO LISO | U105: EQUIPE CREDENCIADA SJRP VIRTUAL 4 | V105: 3
C106: 01/01/2026 | D106: HOUSE | E106: ALEXANDRE FORMIGA NETO | G106: CONTRATO ASSINADO | H106: SP INT 6 | I106: 8 | M106: 01/03/2026 | N106: SP INT 3 | O106: BRUNA PAULINO BENEDETTI | P106: 14 | Q106: 10 | R106: jan/2026 | S106: JULIO CESAR FERREIRA | T106: CARLOS EDUARDO DA SILVA | U106: EQUIPE CREDENCIADA SJRP VIRTUAL 4 | V106: 4
C107: 01/01/2026 | D107: HOUSE | E107: ALEXANDRE FORMIGA NETO | G107: GANHO | H107: SP INT 6 | I107: 6 | M107: 01/03/2026 | N107: SP INT 3 | O107: DEIVES RODRIGO DA COSTA | P107: 25 | Q107: 12 | R107: jan/2026 | S107: JULIO CESAR FERREIRA | T107: FLAVIA APARECIDA RESTANHO | U107: EQUIPE CREDENCIADA SJRP VIRTUAL 4 | V107: 1
C108: 01/01/2026 | D108: HOUSE | E108: ALEXANDRE FORMIGA NETO | G108: REPASSE | H108: SP INT 6 | I108: 2 | M108: 01/03/2026 | N108: SP INT 3 | O108: MAISA MUNIZ DA SILVA | P108: 13 | Q108: 8 | R108: jan/2026 | S108: JULIO CESAR FERREIRA | T108: JOAO PEDRO COSTA TEIXEIRA | U108: EQUIPE CREDENCIADA SJRP VIRTUAL 4 | V108: 1
C109: 01/01/2026 | D109: HOUSE | E109: ALEXANDRE FORMIGA NETO | G109: REGISTRO | H109: SP INT 6 | I109: 2 | M109: 01/03/2026 | N109: SP INT 3 | O109: PEDRO MORENO MARQUES | P109: 15 | Q109: 5 | R109: jan/2026 | S109: JULIO CESAR FERREIRA | T109: MAINAN FELIX DE AQUINO ANTONIO | U109: EQUIPE CREDENCIADA SJRP VIRTUAL 4 | V109: 1
C110: 01/01/2026 | D110: HOUSE | E110: ANANIAS FERREIRA DE SANT ANA NETO | G110: LEAD | H110: SP INT 5 | I110: 1 | M110: 01/03/2026 | N110: SP INT 3 | O110: THAYNA LAIS DA SILVA | P110: 12 | Q110: 7 | R110: jan/2026 | S110: JULIO CESAR FERREIRA | T110: MARIANA ELISA CORTELLINE GONÇALVES | U110: EQUIPE CREDENCIADA SJRP VIRTUAL 4 | V110: 2
C111: 01/01/2026 | D111: HOUSE | E111: ANDERSON COSTA CARAPETA | G111: LEAD | H111: SP INT 1 | I111: 496 | M111: 01/03/2026 | N111: SP INT 4 | O111: ADALTON JOSE DA SILVA | P111: 16 | Q111: 7 | R111: jan/2026 | S111: JULIO CESAR FERREIRA | T111: RENATA KELLY GOMES DA SILVA | U111: EQUIPE CREDENCIADA ARAÇATUBA VIRTUAL 1 | V111: 1
C112: 01/01/2026 | D112: HOUSE | E112: ANDERSON COSTA CARAPETA | G112: DOCUMENTAÇÃO ENVIADA | H112: SP INT 1 | I112: 57 | M112: 01/03/2026 | N112: SP INT 4 | O112: DAIANE CRISTINA JIRICO | P112: 25 | Q112: 15 | R112: jan/2026 | S112: MAISA MUNIZ DA SILVA | T112: DIRCELENE FRIGATO DE OLIVEIRA | U112: EQUIPE CREDENCIADA PIRACICABA 2 | V112: 1
C113: 01/01/2026 | D113: HOUSE | E113: ANDERSON COSTA CARAPETA | G113: DOCUMENTAÇÃO EM ANÁLISE | H113: SP INT 1 | I113: 20 | M113: 01/03/2026 | N113: SP INT 4 | O113: GUSTAVO MACHADO TENORIO | P113: 16 | Q113: 10 | R113: jan/2026 | S113: MAISA MUNIZ DA SILVA | T113: ELIANA PIZA MUNIZ | U113: EQUIPE CREDENCIADA PIRACICABA 2 | V113: 3
C114: 01/01/2026 | D114: HOUSE | E114: ANDERSON COSTA CARAPETA | G114: DOCUMENTAÇÃO COM PENDÊNCIA | H114: SP INT 1 | I114: 37 | M114: 01/03/2026 | N114: SP INT 4 | O114: GUSTAVO PAULINO SILVA | P114: 5 | Q114: 3 | R114: jan/2026 | S114: MAISA MUNIZ DA SILVA | T114: ELLEN CRISTINA MUNIZ ODAS | U114: EQUIPE CREDENCIADA PIRACICABA 2 | V114: 1
C115: 01/01/2026 | D115: HOUSE | E115: ANDERSON COSTA CARAPETA | G115: CPF ANALISADO | H115: SP INT 1 | I115: 22 | M115: 01/03/2026 | N115: SP INT 4 | O115: JAYRANE CAROLINE MARTINS FERRARI | P115: 16 | Q115: 6 | R115: jan/2026 | S115: MARCONE DA SILVA FERREIRA DE ANDRADE | T115: MARIA CLAUDILENE DE MEIDEIROS | U115: HIBRIDA CREDENCIADA SOROCABA 3 | V115: 1
C116: 01/01/2026 | D116: HOUSE | E116: ANDERSON COSTA CARAPETA | G116: CPF ANALISADO COM PENDÊNCIA | H116: SP INT 1 | I116: 14 | M116: 01/03/2026 | N116: SP INT 4 | O116: JULIANO MARQUES VALENTE | P116: 3 | R116: jan/2026 | S116: PABLO MEDEIROS DA SILVA GADELHA | T116: ALEXANDER SILVA TONHI | U116: HIBRIDA CREDENCIADA CAMPINAS 2 | V116: 1
...

Sheet Planilha2
U1: regionalcompleta | V1: (Vários itens)
A2: diretoria | B2: DIRETORIA SPI | E2: diretoria | F2: DIRETORIA SPI | U2: diretoria | V2: DIRETORIA SPI
A3: canal_loja | B3: HOUSE | E3: canal_loja | F3: IMOB | U3: canal_loja | V3: IMOB
A4: data_base | B4: 01/04/2026 | E4: data_base | F4: 01/04/2026 | U4: data_base | V4: 01/03/2026
A5: dia | B5: (Vários itens) | E5: dia | F5: (Vários itens) | U5: dia | V5: All
A7: Regional | B7: Equipe House | C7: CPF Anl. | G7: CPF Anl. | U7: nom_loja | V7: supervisor_imob | W7: regional | X7: status_funil | Y7: Funil_Real
A8: SP INT 1 | B8: TIAGO AUGUSTO DA COSTA | C8: 3 | E8: SP INT 1 | F8: LARISSA NEVES TEIXEIRA | G8: 4 | U8: EQUIPE CREDENCIADA IMOB ARACATUBA | Y8: 13
A9: SP INT 2 | B9: DOMINIQUE DAMASO DE SALES | C9: 7 | E9: SP INT 2 | F9: HENRIQUE NEVES GARBELLINI | G9: 15 | U9: IMOB ARARAQUARA | W9: SP INT 4 | X9: LEAD | Y9: 27
A10: SP INT 3 | B10: MAISA MUNIZ DA SILVA | C10: 4 | E10: SP INT 3 | F10: ANA LETICIA COTRIM ALONSO | G10: 5 | U10: IMOB ARARAQUARA | W10: SP INT 4 | X10: DOCUMENTAÇÃO ENVIADA | Y10: 22
A11: SP INT 4 | B11: ADALTON JOSE DA SILVA | C11: 9 | E11: SP INT 4 | F11: MORIEL PAULINO CARVALHO | G11: 5 | U11: IMOB ARARAQUARA | W11: SP INT 4 | X11: DOCUMENTAÇÃO EM ANÁLISE | Y11: 7
A12: SP INT 5 | B12: JOEL TALMIR POPOWSKI | C12: 3 | E12: SP INT 5 | F12: RODRIGO MONTEIRO LIMA | G12: 6 | U12: IMOB ARARAQUARA | W12: SP INT 4 | X12: DOCUMENTAÇÃO COM PENDÊNCIA | Y12: 13
A13: SP INT 6 | B13: ANDREA CRISTINA MATHEUS FRATI | C13: 9 | E13: SP INT 6 | F13: CAMILA LEMOS GUIMARAES | G13: 5 | U13: IMOB ARARAQUARA | W13: SP INT 4 | X13: CPF ANALISADO | Y13: 6
U14: IMOB ARARAQUARA | W14: SP INT 4 | X14: CPF ANALISADO COM PENDÊNCIA | Y14: 2
U15: IMOB ARARAQUARA | W15: SP INT 4 | X15: CPF APROVADO COM PENDÊNCIA | Y15: 2
U16: IMOB ARARAQUARA | W16: SP INT 4 | X16: REGISTRO | Y16: 7
G17: CPF Anl. | U17: IMOB ARARAQUARA 2 | V17: PRISCILLA CARDOSO FERREIRA | W17: SP INT 4 | X17: LEAD | Y17: 60
E18: SP INT 1 | F18: LARISSA NEVES TEIXEIRA | G18: 7 | U18: IMOB ARARAQUARA 2 | V18: PRISCILLA CARDOSO FERREIRA | W18: SP INT 4 | X18: DOCUMENTAÇÃO ENVIADA | Y18: 82
E19: SP INT 2 | F19: HENRIQUE NEVES GARBELLINI | G19: 9 | M19: CPF Anl. | R19: Qtd_CPF_Analisado | U19: IMOB ARARAQUARA 2 | V19: PRISCILLA CARDOSO FERREIRA | W19: SP INT 4 | X19: DOCUMENTAÇÃO EM ANÁLISE | Y19: 34
E20: SP INT 3 | F20: LUCIANO FERREIRA DA SILVA | G20: 3 | K20: SP INT 1 | L20: ANDERSON COSTA CARAPETA | M20: 4 | P20: SP INT 1 | Q20: LARISSA NEVES TEIXEIRA | R20: 6 | U20: IMOB ARARAQUARA 2 | V20: PRISCILLA CARDOSO FERREIRA | W20: SP INT 4 | X20: DOCUMENTAÇÃO COM PENDÊNCIA | Y20: 50
E21: SP INT 4 | F21: GABRIEL MACIEL RETAMEIRO | G21: 3 | K21: SP INT 2 | L21: FLAVIANO DE SOUZA CORREA | M21: 3 | P21: SP INT 2 | Q21: HENRIQUE NEVES GARBELLINI | R21: 19 | U21: IMOB ARARAQUARA 2 | V21: PRISCILLA CARDOSO FERREIRA | W21: SP INT 4 | X21: CPF ANALISADO | Y21: 47
E22: SP INT 5 | F22: RODRIGO MONTEIRO DE LIMA | G22: 1 | K22: SP INT 3 | P22: SP INT 3 | Q22: CAMILA MENDES FRANCISCO | R22: 6 | U22: IMOB ARARAQUARA 2 | V22: PRISCILLA CARDOSO FERREIRA | W22: SP INT 4 | X22: CPF ANALISADO COM PENDÊNCIA | Y22: 18
E23: SP INT 6 | F23: CAMILA LEMOS GUIMARAES | G23: 3 | K23: SP INT 4 | L23: TIAGO ALVES CARVALHO COELHO | M23: 6 | P23: SP INT 4 | Q23: GABRIEL MACIEL RETAMEIRO | R23: 8 | U23: IMOB ARARAQUARA 2 | V23: PRISCILLA CARDOSO FERREIRA | W23: SP INT 4 | X23: CPF APROVADO | Y23: 16
K24: SP INT 5 | L24: JEFERSON EDUARDO NUNES | M24: 4 | P24: SP INT 5 | Q24: VANESSA FERREIRA DE MORAES | R24: 4 | U24: IMOB ARARAQUARA 2 | V24: PRISCILLA CARDOSO FERREIRA | W24: SP INT 4 | X24: CPF APROVADO COM PENDÊNCIA | Y24: 8
K25: SP INT 6 | L25: JACKSON DE ALMEIDA PIRES | M25: 4 | P25: SP INT 6 | Q25: CAMILA LEMOS GUIMARAES | R25: 8 | U25: IMOB ARARAQUARA 2 | V25: PRISCILLA CARDOSO FERREIRA | W25: SP INT 4 | X25: CPF CONDICIONADO | Y25: 17
U26: IMOB ARARAQUARA 2 | V26: PRISCILLA CARDOSO FERREIRA | W26: SP INT 4 | X26: CPF CONDICIONADO COM PENDÊNCIA | Y26: 10
U27: IMOB ARARAQUARA 2 | V27: PRISCILLA CARDOSO FERREIRA | W27: SP INT 4 | X27: CONTRATO GERADO | Y27: 15
U28: IMOB ARARAQUARA 2 | V28: PRISCILLA CARDOSO FERREIRA | W28: SP INT 4 | X28: CONTRATO ASSINADO | Y28: 12
U29: IMOB ARARAQUARA 2 | V29: PRISCILLA CARDOSO FERREIRA | W29: SP INT 4 | X29: GANHO | Y29: 11
U30: IMOB ARARAQUARA 2 | V30: PRISCILLA CARDOSO FERREIRA | W30: SP INT 4 | X30: REPASSE | Y30: 12
U31: IMOB ARARAQUARA 2 | V31: PRISCILLA CARDOSO FERREIRA | W31: SP INT 4 | X31: REGISTRO | Y31: 9
U32: IMOB BAURU | V32: NATHALIE FERNANDA POMPIANO | W32: SP INT 4 | X32: LEAD | Y32: 11
U33: IMOB BAURU | V33: NATHALIE FERNANDA POMPIANO | W33: SP INT 4 | X33: DOCUMENTAÇÃO ENVIADA | Y33: 18
U34: IMOB BAURU | V34: NATHALIE FERNANDA POMPIANO | W34: SP INT 4 | X34: DOCUMENTAÇÃO EM ANÁLISE | Y34: 13
U35: IMOB BAURU | V35: NATHALIE FERNANDA POMPIANO | W35: SP INT 4 | X35: DOCUMENTAÇÃO COM PENDÊNCIA | Y35: 5
U36: IMOB BAURU | V36: NATHALIE FERNANDA POMPIANO | W36: SP INT 4 | X36: CPF ANALISADO | Y36: 14
U37: IMOB BAURU | V37: NATHALIE FERNANDA POMPIANO | W37: SP INT 4 | X37: CPF ANALISADO COM PENDÊNCIA | Y37: 3
... U285: LOJA - IMOB RIBEIRÃO PRETO 3 | V285: HENRIQUE NEVES GARBELLINI | W285: SP INT 2 | X285: REGISTRO | Y285: 6
U286: LOJA – IMOB RIBEIRÃO PRETO 4 | W286: SP INT 2 | X286: LEAD | Y286: 4
U287: LOJA – IMOB RIBEIRÃO PRETO 4 | W287: SP INT 2 | X287: DOCUMENTAÇÃO ENVIADA | Y287: 3
U288: LOJA – IMOB RIBEIRÃO PRETO 4 | W288: SP INT 2 | X288: DOCUMENTAÇÃO EM ANÁLISE | Y288: 2
U289: LOJA – IMOB RIBEIRÃO PRETO 4 | W289: SP INT 2 | X289: CPF ANALISADO | Y289: 2
U290: LOJA – IMOB RIBEIRÃO PRETO 4 | W290: SP INT 2 | X290: CPF APROVADO | Y290: 1
U291: LOJA – IMOB RIBEIRÃO PRETO 5 | V291: AMANDA BEATRIZ MORAES DOS SANTOS | W291: SP INT 2 | X291: LEAD | Y291: 33
U292: LOJA – IMOB RIBEIRÃO PRETO 5 | V292: AMANDA BEATRIZ MORAES DOS SANTOS | W292: SP INT 2 | X292: DOCUMENTAÇÃO ENVIADA | Y292: 42
U293: LOJA – IMOB RIBEIRÃO PRETO 5 | V293: AMANDA BEATRIZ MORAES DOS SANTOS | W293: SP INT 2 | X293: DOCUMENTAÇÃO EM ANÁLISE | Y293: 25
U294: LOJA – IMOB RIBEIRÃO PRETO 5 | V294: AMANDA BEATRIZ MORAES DOS SANTOS | W294: SP INT 2 | X294: DOCUMENTAÇÃO COM PENDÊNCIA | Y294: 16
U295: LOJA – IMOB RIBEIRÃO PRETO 5 | V295: AMANDA BEATRIZ MORAES DOS SANTOS | W295: SP INT 2 | X295: CPF ANALISADO | Y295: 28
U296: LOJA – IMOB RIBEIRÃO PRETO 5 | V296: AMANDA BEATRIZ MORAES DOS SANTOS | W296: SP INT 2 | X296: CPF ANALISADO COM PENDÊNCIA | Y296: 8
U297: LOJA – IMOB RIBEIRÃO PRETO 5 | V297: AMANDA BEATRIZ MORAES DOS SANTOS | W297: SP INT 2 | X297: CPF APROVADO | Y297: 9
U298: LOJA – IMOB RIBEIRÃO PRETO 5 | V298: AMANDA BEATRIZ MORAES DOS SANTOS | W298: SP INT 2 | X298: CPF APROVADO COM PENDÊNCIA | Y298: 5
U299: LOJA – IMOB RIBEIRÃO PRETO 5 | V299: AMANDA BEATRIZ MORAES DOS SANTOS | W299: SP INT 2 | X299: CPF CONDICIONADO | Y299: 11
U300: LOJA – IMOB RIBEIRÃO PRETO 5 | V300: AMANDA BEATRIZ MORAES DOS SANTOS | W300: SP INT 2 | X300: CPF CONDICIONADO COM PENDÊNCIA | Y300: 3
U301: LOJA – IMOB RIBEIRÃO PRETO 5 | V301: AMANDA BEATRIZ MORAES DOS SANTOS | W301: SP INT 2 | X301: CONTRATO GERADO | Y301: 12
U302: LOJA – IMOB RIBEIRÃO PRETO 5 | V302: AMANDA BEATRIZ MORAES DOS SANTOS | W302: SP INT 2 | X302: CONTRATO ASSINADO | Y302: 12
... U441: LOJA IMOB SJRP 3 | V441: VANESSA FERREIRA DE MORAES | W441: SP INT 5 | X441: REGISTRO | Y441: 2
U442: LOJA IMOB SJRP 4 | W442: SP INT 5 | X442: REPASSE | Y442: 1
U443: LOJA IMOB SJRP 5 | V443: RODRIGO MONTEIRO LIMA | W443: SP INT 5 | X443: LEAD | Y443: 29
U444: LOJA IMOB SJRP 5 | V444: RODRIGO MONTEIRO LIMA | W444: SP INT 5 | X444: DOCUMENTAÇÃO ENVIADA | Y444: 51
U445: LOJA IMOB SJRP 5 | V445: RODRIGO MONTEIRO LIMA | W445: SP INT 5 | X445: DOCUMENTAÇÃO EM ANÁLISE | Y445: 17
U446: LOJA IMOB SJRP 5 | V446: RODRIGO MONTEIRO LIMA | W446: SP INT 5 | X446: DOCUMENTAÇÃO COM PENDÊNCIA | Y446: 36
U447: LOJA IMOB SJRP 5 | V447: RODRIGO MONTEIRO LIMA | W447: SP INT 5 | X447: CPF ANALISADO | Y447: 29
U448: LOJA IMOB SJRP 5 | V448: RODRIGO MONTEIRO LIMA | W448: SP INT 5 | X448: CPF ANALISADO COM PENDÊNCIA | Y448: 15
U449: LOJA IMOB SJRP 5 | V449: RODRIGO MONTEIRO LIMA | W449: SP INT 5 | X449: CPF APROVADO | Y449: 5
U450: LOJA IMOB SJRP 5 | V450: RODRIGO MONTEIRO LIMA | W450: SP INT 5 | X450: CPF APROVADO COM PENDÊNCIA | Y450: 9
U451: LOJA IMOB SJRP 5 | V451: RODRIGO MONTEIRO LIMA | W451: SP INT 5 | X451: CPF CONDICIONADO | Y451: 15
U452: LOJA IMOB SJRP 5 | V452: RODRIGO MONTEIRO LIMA | W452: SP INT 5 | X452: CPF CONDICIONADO COM PENDÊNCIA | Y452: 6
U453: LOJA IMOB SJRP 5 | V453: RODRIGO MONTEIRO LIMA | W453: SP INT 5 | X453: CONTRATO GERADO | Y453: 16
U454: LOJA IMOB SJRP 5 | V454: RODRIGO MONTEIRO LIMA | W454: SP INT 5 | X454: CONTRATO ASSINADO | Y454: 13
... U457: LOJA IMOB SJRP 5 | V457: RODRIGO MONTEIRO LIMA | W457: SP INT 5 | X457: REGISTRO | Y457: 8
U458: LOJA PRADO GONÇALVES - SALTO | W458: SP INT 6 | X458: LEAD | Y458: 1
U459: LOJA PRADO GONÇALVES - SALTO | W459: SP INT 6 | X459: DOCUMENTAÇÃO ENVIADA | Y459: 1
U460: LOJA PRADO GONÇALVES - SALTO | W460: SP INT 6 | X460: DOCUMENTAÇÃO COM PENDÊNCIA | Y460: 1
U461: LOJA PRADO GONÇALVES CAMPINAS FÍSICA 3 | W461: SP INT 1 | X461: LEAD | Y461: 3
U462: LOJA PRADO GONÇALVES CAMPINAS FÍSICA 3 | W462: SP INT 1 | X462: DOCUMENTAÇÃO ENVIADA | Y462: 5
U463: LOJA PRADO GONÇALVES CAMPINAS FÍSICA 3 | W463: SP INT 1 | X463: DOCUMENTAÇÃO EM ANÁLISE | Y463: 1
U464: LOJA PRADO GONÇALVES CAMPINAS FÍSICA 3 | W464: SP INT 1 | X464: DOCUMENTAÇÃO COM PENDÊNCIA | Y464: 3
U465: LOJA PRADO GONÇALVES CAMPINAS FÍSICA 3 | W465: SP INT 1 | X465: CPF ANALISADO | Y465: 2
U466: LOJA PRADO GONÇALVES CAMPINAS FÍSICA 3 | W466: SP INT 1 | X466: CPF APROVADO | Y466: 1
U467: LOJA PRADO GONÇALVES CAMPINAS FÍSICA 3 | W467: SP INT 1 | X467: CPF CONDICIONADO | Y467: 1
U468: LOJA PRADO GONÇALVES CAMPINAS FÍSICA 3 | W468: SP INT 1 | X468: CONTRATO GERADO | Y468: 2
U469: LOJA PRADO GONÇALVES CAMPINAS FÍSICA 3 | W469: SP INT 1 | X469: CONTRATO ASSINADO | Y469: 2
... U471: LOJA PRADO GONÇALVES CAMPINAS FÍSICA 3 | W471: SP INT 1 | X471: REGISTRO | Y471: 1
U472: LOJA-IMOB RIBEIRÃO PRETO 6 | V472: LUCAS PEREIRA MIGUEL | W472: SP INT 2 | X472: LEAD | Y472: 140
U473: LOJA-IMOB RIBEIRÃO PRETO 6 | V473: LUCAS PEREIRA MIGUEL | W473: SP INT 2 | X473: DOCUMENTAÇÃO ENVIADA | Y473: 180
U474: LOJA-IMOB RIBEIRÃO PRETO 6 | V474: LUCAS PEREIRA MIGUEL | W474: SP INT 2 | X474: DOCUMENTAÇÃO EM ANÁLISE | Y474: 95
U475: LOJA-IMOB RIBEIRÃO PRETO 6 | V475: LUCAS PEREIRA MIGUEL | W475: SP INT 2 | X475: DOCUMENTAÇÃO COM PENDÊNCIA | Y475: 66
U476: LOJA-IMOB RIBEIRÃO PRETO 6 | V476: LUCAS PEREIRA MIGUEL | W476: SP INT 2 | X476: CPF ANALISADO | Y476: 98
U477: LOJA-IMOB RIBEIRÃO PRETO 6 | V477: LUCAS PEREIRA MIGUEL | W477: SP INT 2 | X477: CPF ANALISADO COM PENDÊNCIA | Y477: 22
U478: LOJA-IMOB RIBEIRÃO PRETO 6 | V478: LUCAS PEREIRA MIGUEL | W478: SP INT 2 | X478: CPF APROVADO | Y478: 46
U479: LOJA-IMOB RIBEIRÃO PRETO 6 | V479: LUCAS PEREIRA MIGUEL | W479: SP INT 2 | X479: CPF APROVADO COM PENDÊNCIA | Y479: 14
U480: LOJA-IMOB RIBEIRÃO PRETO 6 | V480: LUCAS PEREIRA MIGUEL | W480: SP INT 2 | X480: CPF CONDICIONADO | Y480: 17
U481: LOJA-IMOB RIBEIRÃO PRETO 6 | V481: LUCAS PEREIRA MIGUEL | W481: SP INT 2 | X481: CPF CONDICIONADO COM PENDÊNCIA | Y481: 8
U482: LOJA-IMOB RIBEIRÃO PRETO 6 | V482: LUCAS PEREIRA MIGUEL | W482: SP INT 2 | X482: CONTRATO GERADO | Y482: 35
U483: LOJA-IMOB RIBEIRÃO PRETO 6 | V483: LUCAS PEREIRA MIGUEL | W483: SP INT 2 | X483: CONTRATO ASSINADO | Y483: 30
... U486: LOJA-IMOB RIBEIRÃO PRETO 6 | V486: LUCAS PEREIRA MIGUEL | W486: SP INT 2 | X486: REGISTRO | Y486: 7

Sheet Planilha1
B1: Todos | C1: SPI | E1: Definitivos | F1: SPI | H1: Supervisor | I1: SPI
B2: {=_xlfn.UNIQUE(#REF!)} -> #REF! | C2: =_xlfn.XLOOKUP(Planilha1!B2,#REF!,#REF!) -> #REF! | E2: HENRIQUE NEVES GARBELLINI | F2: SP INT 2 | H2: {=_xlfn._xlws.FILTER(_xlfn.ANCHORARRAY(B2), COUNTIF(E2:E30,_xlfn.ANCHORARRAY(B2)) = 0)} -> #REF! | I2: =_xlfn.XLOOKUP(H2,B:B,C:C) -> #REF!
C3: =_xlfn.XLOOKUP(Planilha1!B3,#REF!,#REF!) -> #REF! | E3: CAMILA REGINA MELCHIADES | F3: SP INT 2 | I3: =_xlfn.XLOOKUP(H3,B:B,C:C) -> #REF!
C4: =_xlfn.XLOOKUP(Planilha1!B4,#REF!,#REF!) -> #REF! | E4: VINICIUS VIEIRA FRANCISCO | F4: SP INT 4 | I4: =_xlfn.XLOOKUP(H4,B:B,C:C) -> #REF!
C5: =_xlfn.XLOOKUP(Planilha1!B5,#REF!,#REF!) -> #REF! | E5: LUCAS PEREIRA MIGUEL | F5: SP INT 2 | I5: =_xlfn.XLOOKUP(H5,B:B,C:C) -> #REF!
C6: =_xlfn.XLOOKUP(Planilha1!B6,#REF!,#REF!) -> #REF! | E6: CAMILA MENDES FRANCISCO | F6: SP INT 3 | I6: =_xlfn.XLOOKUP(H6,B:B,C:C) -> #REF!
C7: =_xlfn.XLOOKUP(Planilha1!B7,#REF!,#REF!) -> #REF! | E7: CAMILA LEMOS GUIMARAES | F7: SP INT 6 | I7: =_xlfn.XLOOKUP(H7,B:B,C:C) -> #REF!
C8: =_xlfn.XLOOKUP(Planilha1!B8,#REF!,#REF!) -> #REF! | E8: JANINE SILVA GODOY | F8: SP INT 6 | I8: =_xlfn.XLOOKUP(H8,B:B,C:C) -> #REF!
C9: =_xlfn.XLOOKUP(Planilha1!B9,#REF!,#REF!) -> #REF! | E9: JHULYANNE ALLYNE ADAO MAZIERE | F9: SP INT 6 | I9: =_xlfn.XLOOKUP(H9,B:B,C:C) -> #REF!
C10: =_xlfn.XLOOKUP(Planilha1!B10,#REF!,#REF!) -> #REF! | E10: ANA LETICIA COTRIM ALONSO | F10: SP INT 3 | I10: =_xlfn.XLOOKUP(H10,B:B,C:C) -> #REF!
C11: =_xlfn.XLOOKUP(Planilha1!B11,#REF!,#REF!) -> #REF! | E11: WANDERSON FERNANDO ALVES JUNIOR | F11: SP INT 3 | I11: =_xlfn.XLOOKUP(H11,B:B,C:C) -> #REF!
C12: =_xlfn.XLOOKUP(Planilha1!B12,#REF!,#REF!) -> #REF! | E12: GUSTAVO GUINATTI VENTURINI | F12: SP INT 1 | I12: =_xlfn.XLOOKUP(H12,B:B,C:C) -> #REF!
C13: =_xlfn.XLOOKUP(Planilha1!B13,#REF!,#REF!) -> #REF! | E13: ALINE RODRIGUES DA SILVA | F13: SP INT 5 | I13: =_xlfn.XLOOKUP(H13,B:B,C:C) -> #REF!
C14: =_xlfn.XLOOKUP(Planilha1!B14,#REF!,#REF!) -> #REF! | E14: RODRIGO PERES BORBA | F14: SP INT 1 | I14: =_xlfn.XLOOKUP(H14,B:B,C:C) -> #REF!
... C30: =_xlfn.XLOOKUP(Planilha1!B30,#REF!,#REF!) -> #REF! | E30: ARTHUR TEIXEIRA PEREIRA | F30: SP INT 4 | I30: =_xlfn.XLOOKUP(H30,B:B,C:C) -> #REF!
C31: =_xlfn.XLOOKUP(Planilha1!B31,#REF!,#REF!) -> #REF! | I31: =_xlfn.XLOOKUP(H31,B:B,C:C) -> #REF!
C32: =_xlfn.XLOOKUP(Planilha1!B32,#REF!,#REF!) -> #REF! | I32: =_xlfn.XLOOKUP(H32,B:B,C:C) -> #REF!
C33: =_xlfn.XLOOKUP(Planilha1!B33,#REF!,#REF!) -> #REF! | I33: =_xlfn.XLOOKUP(H33,B:B,C:C) -> #REF!
C34: =_xlfn.XLOOKUP(Planilha1!B34,#REF!,#REF!) -> #REF! | I34: =_xlfn.XLOOKUP(H34,B:B,C:C) -> #REF!
C35: =_xlfn.XLOOKUP(Planilha1!B35,#REF!,#REF!) -> #REF! | I35: =_xlfn.XLOOKUP(H35,B:B,C:C) -> #REF!
C36: =_xlfn.XLOOKUP(Planilha1!B36,#REF!,#REF!) -> #REF! | I36: =_xlfn.XLOOKUP(H36,B:B,C:C) -> #REF!
C37: =_xlfn.XLOOKUP(Planilha1!B37,#REF!,#REF!) -> #REF! | I37: =_xlfn.XLOOKUP(H37,B:B,C:C) -> #REF!
C38: =_xlfn.XLOOKUP(Planilha1!B38,#REF!,#REF!) -> #REF! | I38: =_xlfn.XLOOKUP(H38,B:B,C:C) -> #REF!
C39: =_xlfn.XLOOKUP(Planilha1!B39,#REF!,#REF!) -> #REF! | I39: =_xlfn.XLOOKUP(H39,B:B,C:C) -> #REF!
C40: =_xlfn.XLOOKUP(Planilha1!B40,#REF!,#REF!) -> #REF! | I40: =_xlfn.XLOOKUP(H40,B:B,C:C) -> #REF!
C41: =_xlfn.XLOOKUP(Planilha1!B41,#REF!,#REF!) -> #REF! | I41: =_xlfn.XLOOKUP(H41,B:B,C:C) -> #REF!
C42: =_xlfn.XLOOKUP(Planilha1!B42,#REF!,#REF!) -> #REF! | I42: =_xlfn.XLOOKUP(H42,B:B,C:C) -> #REF!
... C86: =_xlfn.XLOOKUP(Planilha1!B86,#REF!,#REF!) -> #REF! | I86: =_xlfn.XLOOKUP(H86,B:B,C:C) -> #REF!
C87: =_xlfn.XLOOKUP(Planilha1!B87,#REF!,#REF!) -> #REF!
C88: =_xlfn.XLOOKUP(Planilha1!B88,#REF!,#REF!) -> #REF!
C89: =_xlfn.XLOOKUP(Planilha1!B89,#REF!,#REF!) -> #REF!
C90: =_xlfn.XLOOKUP(Planilha1!B90,#REF!,#REF!) -> #REF!
C91: =_xlfn.XLOOKUP(Planilha1!B91,#REF!,#REF!) -> #REF!
C92: =_xlfn.XLOOKUP(Planilha1!B92,#REF!,#REF!) -> #REF!
C93: =_xlfn.XLOOKUP(Planilha1!B93,#REF!,#REF!) -> #REF!
C94: =_xlfn.XLOOKUP(Planilha1!B94,#REF!,#REF!) -> #REF!
C95: =_xlfn.XLOOKUP(Planilha1!B95,#REF!,#REF!) -> #REF!
C96: =_xlfn.XLOOKUP(Planilha1!B96,#REF!,#REF!) -> #REF!
C97: =_xlfn.XLOOKUP(Planilha1!B97,#REF!,#REF!) -> #REF!
C98: =_xlfn.XLOOKUP(Planilha1!B98,#REF!,#REF!) -> #REF!
... C115: =_xlfn.XLOOKUP(Planilha1!B115,#REF!,#REF!) -> #REF!
